{
  "short_name": "Elecciones",
  "name": "App Elecciones",
  "prefer_related_applications": true,
  "start_url": "/",
  "background_color": "#2196F3",
  "display": "standalone",
  "orientation": "portrait",
  "theme_color": "#ffffff",
  "icons": [
    {
      "src": "img/icon-64x64.png",
      "type": "image/png",
      "sizes": "64x64"
    },
    {
      "src": "img/icon-128x128.png",
      "type": "image/png",
      "sizes": "128x128"
    },
    {
      "src": "img/icon-144x144.png",
      "type": "image/png",
      "sizes": "144x144"
    },
    {
      "src": "img/icon-192x192.png",
      "type": "image/png",
      "sizes": "192x192"
    },
    {
      "src": "img/icon-256x256.png",
      "type": "image/png",
      "sizes": "256x256"
    },
    {
      "src": "img/icon-512x512.png",
      "type": "image/png",
      "sizes": "512x512"
    }
  ]
}